"","cluster","gene"
"1","0","NEFL"
"2","0","FANK1"
"3","0","IL2"
"4","0","CCR4"
"5","0","TTC39C-AS1"
"6","0","ADAM23"
"7","0","LINC00511"
"8","0","TNFRSF4"
"9","0","FOXP3"
"10","0","PI16"
"11","0","GREM2"
"12","0","IATPR"
"13","0","PAK3"
"14","0","ACE"
"15","0","AL138778.1"
"16","0","PTPN13"
"17","0","LINC00892"
"18","0","LINC02694"
"19","0","TPPP"
"20","0","MEOX1"
"21","1","GNLY"
"22","1","COL13A1"
"23","1","ZMAT4"
"24","1","SGCD"
"25","1","NCAM1"
"26","1","KIR2DL4"
"27","1","KLRF1"
"28","1","KLRC2"
"29","1","KLRC1"
"30","1","TM4SF19"
"31","1","ADAMTS1"
"32","1","PCDH1"
"33","1","KIR3DL1"
"34","1","GZMB"
"35","1","KLRC3"
"36","1","NCR1"
"37","1","LIM2"
"38","1","KIR2DL3"
"39","1","GNAL"
"40","1","MYOM2"
"41","2","LAMB2"
"42","2","CCL2"
"43","2","CXCL1"
"44","2","CLEC4D"
"45","2","SERPINB2"
"46","2","CLEC6A"
"47","2","TRPV4"
"48","2","AC025580.2"
"49","2","CLEC5A"
"50","2","SERPINB10"
"51","2","CYP27A1"
"52","2","S100A12"
"53","2","S100A8"
"54","2","HP"
"55","2","CLEC4E"
"56","2","IL27"
"57","2","AL109615.2"
"58","2","LINC01127"
"59","2","FOLR3"
"60","2","AC037198.1"
"61","3","REG4"
"62","3","MXRA8"
"63","3","CA6"
"64","3","CD248"
"65","3","ROBO1"
"66","3","NRCAM"
"67","3","DSC1"
"68","3","AL158151.1"
"69","3","SPEG"
"70","3","DSEL"
"71","3","MT3"
"72","3","AL590006.1"
"73","3","GLIS3"
"74","3","CFAP97D2"
"75","3","PTK7"
"76","3","LINC02446"
"77","3","SLC18A2"
"78","3","LRRN3"
"79","3","LINC02295"
"80","3","ARHGEF4"
"81","4","SORCS3"
"82","4","AC079779.1"
"83","4","RNF175"
"84","4","ANKRD55"
"85","4","ADTRP"
"86","4","NOG"
"87","4","AC008892.1"
"88","4","EDAR"
"89","4","HYKK"
"90","4","KRT73-AS1"
"91","4","CACHD1"
"92","4","AC007342.4"
"93","4","EPPK1"
"94","4","TSHZ2"
"95","4","GAL3ST4"
"96","4","AK5"
"97","4","MMP28"
"98","4","LEF1-AS1"
"99","4","SSTR3"
"100","4","LRRN3"
"101","5","VCAM1"
"102","5","AL050344.1"
"103","5","AC103702.2"
"104","5","AC243829.2"
"105","5","KIF19"
"106","5","MYO3B"
"107","5","CD160"
"108","5","LINC01505"
"109","5","TRDV1"
"110","5","RCAN2"
"111","5","LINC02086"
"112","5","PARD6G"
"113","5","NUAK1"
"114","5","LGR6"
"115","5","TRGV8"
"116","5","GZMH"
"117","5","LAIR2"
"118","5","TRGV2"
"119","5","SLC4A4"
"120","5","EPHX4"
"121","6","IGHV5-78"
"122","6","IGKV2-29"
"123","6","AL079338.1"
"124","6","ZNF860"
"125","6","AL139020.1"
"126","6","PAX5"
"127","6","AC108879.1"
"128","6","VPREB3"
"129","6","AL161781.2"
"130","6","SOX5"
"131","6","COL19A1"
"132","6","COPDA1"
"133","6","CHL1"
"134","6","MS4A1"
"135","6","LINC02397"
"136","6","DSP"
"137","6","CD22"
"138","6","FCRL1"
"139","6","CD19"
"140","6","CNTNAP2"
"141","7","AC010967.1"
"142","7","IL23R"
"143","7","SLC4A10"
"144","7","TRBV6-4"
"145","7","TMEM171"
"146","7","AC114930.1"
"147","7","ROR2"
"148","7","CXCR6"
"149","7","ME1"
"150","7","WNT11"
"151","7","LINC01644"
"152","7","SCART1"
"153","7","LTK"
"154","7","ADAM12"
"155","7","GATA6"
"156","7","RORC"
"157","7","GZMK"
"158","7","MATN2"
"159","7","TSPAN15"
"160","7","COLQ"
"161","8","LYPD2"
"162","8","ITLN1"
"163","8","AC104809.2"
"164","8","PPP1R17"
"165","8","FIBCD1"
"166","8","NT5DC4"
"167","8","LINC01732"
"168","8","AC020651.2"
"169","8","LINC02345"
"170","8","VMO1"
"171","8","ZBTB7C"
"172","8","CKB"
"173","8","MEG3"
"174","8","AC106712.1"
"175","8","SFTPD"
"176","8","CDKN1C"
"177","8","AP001107.6"
"178","8","CLEC4F"
"179","8","CROCC2"
"180","8","C1QB"
"181","9","CCL4"
"182","9","CCL4L2"
"183","9","AARD"
"184","9","SPRY2"
"185","9","AC011330.2"
"186","9","FASLG"
"187","9","CCL3"
"188","9","PRSS57"
"189","9","LRFN2"
"190","9","ITGAD"
"191","9","AC017104.6"
"192","9","MYRF"
"193","9","ARHGEF28"
"194","9","BNC2"
"195","9","TNF"
"196","9","BOK"
"197","9","VCAM1"
"198","9","KIR2DL1"
"199","9","AL078587.2"
"200","9","RBFOX3"
"201","10","AL513493.1"
"202","10","LRRC26"
"203","10","CYYR1"
"204","10","SHD"
"205","10","AC097375.1"
"206","10","COL26A1"
"207","10","LINC01724"
"208","10","CUX2"
"209","10","SLC4A3"
"210","10","BEND6"
"211","10","CLEC4C"
"212","10","SCT"
"213","10","SMIM6"
"214","10","AR"
"215","10","ASIP"
"216","10","FCER1A"
"217","10","ARL5C"
"218","10","LILRA4"
"219","10","EPHB1"
"220","10","TIFAB"
"221","11","F2RL3"
"222","11","ARMC3"
"223","11","MYCT1"
"224","11","GATA1"
"225","11","GP9"
"226","11","PLCH1"
"227","11","TRIM40"
"228","11","CLEC1B"
"229","11","PEAR1"
"230","11","SPOCD1"
"231","11","TMEM40"
"232","11","ABLIM3"
"233","11","EGF"
"234","11","CMTM5"
"235","11","PCYT1B"
"236","11","AL031005.1"
"237","11","PDE3A"
"238","11","SPDYC"
"239","11","TAL1"
"240","11","GATA2"
"241","12","IGKV2-24"
"242","12","IGHV4-55"
"243","12","IGLV3-10"
"244","12","IGLV3-9"
"245","12","IGF1"
"246","12","IGLV1-50"
"247","12","IGKV1D-33"
"248","12","IGHV3-13"
"249","12","IGKV1D-39"
"250","12","IGKV1-6"
"251","12","IGLV8-61"
"252","12","IGLV2-23"
"253","12","IGKV2-30"
"254","12","IGHA2"
"255","12","IGHV6-1"
"256","12","AC233755.1"
"257","12","IGLV1-47"
"258","12","IGLV1-51"
"259","12","JCHAIN"
"260","12","IGHV3-66"
